{"cameraMode":{"drawMode":0,"name":"Shaded","section":"Shading Mode"},"sceneLighting":true,"audioPlay":false,"sceneViewState":{"m_AlwaysRefresh":false,"showFog":true,"showSkybox":true,"showFlares":true,"showImageEffects":true,"showParticleSystems":true,"showVisualEffectGraphs":true,"m_FxEnabled":true},"in2DMode":false,"pivot":{"x":-1.5742661952972413,"y":-0.23619478940963746,"z":4.021749019622803},"rotation":{"x":0.026186291128396989,"y":-0.12562356889247895,"z":0.003317354479804635,"w":0.9917305111885071},"size":1.264888882637024,"orthographic":false}